"N_scale: 128, log_Npix: 0","N_scale: 128, log_Npix: 2","N_scale: 256, log_Npix: 0","N_scale: 256, log_Npix: 2"
-2115.6727257816315,-865.1869941702475,-5062.435192197495,-1686.796054068735
